{"version":2,"hash":{"type":"Buffer","data":"6hqCbdJat7BhXuJ+By1IEqaWYXhofk2h7S26BAjbNwIYVAXA4bdfByt0pNTg/dBEU3Z87E5AG19qRP8aB1kW11EauQGhfgEc3QkIIGboX7xlBWr+dXCB1E8rcjdBFzWZPMZlYiZOYCarnBWumzAVr/H/DJ3Y1R77eVzxvgTp6WY="},"indexValueMap":{"JW8ecitYQkvbyy8CD/IMBfuNFpYwzl40lVichyi/hfY=":{"valueMac":{"type":"Buffer","data":"XFNVvymZShP2jTp2NYpl65xsgOjmxeU+aKaXh3Rt3nY="}},"oKBvb7B8/akyAmM4KJQjUJuTVbh3ez9lpHRJQ1KwzKM=":{"valueMac":{"type":"Buffer","data":"TFoWUtgJpe6VPqnFzaYJMo8Np8PYNpQd33xW60WqvIo="}},"cqUcA60rSWTkytI3k45IxJU0zwxqbQ26DtXPsYTKxIU=":{"valueMac":{"type":"Buffer","data":"myXLWRk0QPOef4Kp67srRNj29/9a/LTq+PM5i7tKbYg="}},"DoltFHNJL6Vu8YEjMm9JBVlA3KaVVMIsV5i4RSgcq3U=":{"valueMac":{"type":"Buffer","data":"EgPSeUEx/itpeZ2o/53rQA4zUlJHowUjLmb/KSk+lTg="}},"FG0uXwnWEjnRwJ14G4AMmUUac8Q4desx0T0JkedvLJw=":{"valueMac":{"type":"Buffer","data":"+gNsN/oDy3NUmELyYkH0ua7vsQtS7lvSsE3GjtHlwkQ="}},"IyLcX6C8O1wqk+bC8Xde8JO3H9u+1Zx8O4tIQnYwQPE=":{"valueMac":{"type":"Buffer","data":"1Vy2GOIWbsFU1cvnnBFZabR1egk4tUpvS3xzRhWIRIQ="}},"1uH6LlgHAnFyhaT0ZsPNTYVdzUXaiPgFU1lHBhV/Io8=":{"valueMac":{"type":"Buffer","data":"QdJCzIsPeNBxDPasSidZxcKvdt0eM5Fqr1dxTUNBb3w="}},"kIdG1bfjXYTg7DnSDS2tlQvlrlXl5G/wz1Bvb/L6ERQ=":{"valueMac":{"type":"Buffer","data":"Chi3ykQQpnAoRspHWk/N+aDMKCO/kKD3rezRFyrohSI="}},"QjNZc37XAha2Upr/fjOAQ/NOsy/frKIeYOU9ysAMZ/I=":{"valueMac":{"type":"Buffer","data":"ucqVl1j5hjBvbu/PjZlmkiaS6IMv5N3YWOtvX8dhlQw="}}}}