{"_sessions":{"BUvZdiE7yWaxKe+0RuqF39o2CpyOuxyVQn1sRr357w1W":{"registrationId":136532756,"currentRatchet":{"ephemeralKeyPair":{"pubKey":"BUdtWAY9UpckFa+6mg39uvHQkheEdP+Ky6mmq+urpA1w","privKey":"cIy1P12CjCQwXhilnE1tu/EGv895Zzk8CbFhyecNnmA="},"lastRemoteEphemeralKey":"BQAxcWpZSK2bdRtzCuu4BQ+lHRVL+LJuA3jtLmofSodX","previousCounter":0,"rootKey":"MmHyfhjTss3Nu/1tRH0Wxd9FaBnfVT2+ygcP/0hZDt0="},"indexInfo":{"baseKey":"BUvZdiE7yWaxKe+0RuqF39o2CpyOuxyVQn1sRr357w1W","baseKeyType":2,"closed":1687930133561,"used":1687930132712,"created":1687930132712,"remoteIdentityKey":"BW+5xptePId52guVgKYF4Ltbo0IozXn0lhlCRJhDIARd"},"_chains":{"BQAxcWpZSK2bdRtzCuu4BQ+lHRVL+LJuA3jtLmofSodX":{"chainKey":{"counter":5,"key":"Wrpa8ATbTtAiY+HbcyFLl5ZE1deVgG8xYeIYjL9H0+s="},"chainType":2,"messageKeys":{}},"BUdtWAY9UpckFa+6mg39uvHQkheEdP+Ky6mmq+urpA1w":{"chainKey":{"counter":-1,"key":"qPa3PmirXXU9tE7Y0IiodFO9nX8NdBI93JwTNFihcjE="},"chainType":1,"messageKeys":{}}}},"BVUjnVF0n78Dz3EoY0Q3eAVdxh9kx3SzMDxHzvbWwL4V":{"registrationId":136532756,"currentRatchet":{"ephemeralKeyPair":{"pubKey":"BfZEr9P2VXLa8mPuBXgOcY8k3RQ1z+ut6ogwvqJ8db8/","privKey":"2GoTfRjPr5cctkCBNE338fvRa7KuTw3dQqOEqMqgYmM="},"lastRemoteEphemeralKey":"BUP/EI3OmubX9/BZJbYhQukNO5JniQ6b6PucEUtmrkQU","previousCounter":0,"rootKey":"980eXWaCXd17eqISw/TFGOr3Z0plU4HFSsZoqx14ItI="},"indexInfo":{"baseKey":"BVUjnVF0n78Dz3EoY0Q3eAVdxh9kx3SzMDxHzvbWwL4V","baseKeyType":1,"closed":-1,"used":1687930135668,"created":1687930133544,"remoteIdentityKey":"BW+5xptePId52guVgKYF4Ltbo0IozXn0lhlCRJhDIARd"},"_chains":{"BUP/EI3OmubX9/BZJbYhQukNO5JniQ6b6PucEUtmrkQU":{"chainKey":{"counter":1,"key":"u74mlrsCDh19vdPH2+OZBVjYzycGwl1tXFsnMeCb51w="},"chainType":2,"messageKeys":{}},"BfZEr9P2VXLa8mPuBXgOcY8k3RQ1z+ut6ogwvqJ8db8/":{"chainKey":{"counter":1,"key":"bFXb7Dte29/oZWpD/z7t50N/PMmv44yWufbgSgUGqvo="},"chainType":1,"messageKeys":{}}}}},"version":"v1"}