{"_sessions":{"BY/l5FrOPqzBCeyXldx6F3SRJZKtZLRn2dziyYGmVwte":{"registrationId":4129958013,"currentRatchet":{"ephemeralKeyPair":{"pubKey":"BfTrg8pnGt3XZ7rz7kQeiN6zUtT3/MBvT5B/usICek5X","privKey":"UNS8ajAC7ssUC8sppY+DTUPkseoXMXjTi5gVjeVL1Fk="},"lastRemoteEphemeralKey":"BRW+8j+GxwnjgKxOfQOa4Yme3YOmPHdGP3y4ETcABQoq","previousCounter":0,"rootKey":"xgMMN7BVPmtUFSf4xjMGNQMTCPXr20HCgY2bAAGo4lc="},"indexInfo":{"baseKey":"BY/l5FrOPqzBCeyXldx6F3SRJZKtZLRn2dziyYGmVwte","baseKeyType":1,"closed":-1,"used":1687930133552,"created":1687930133552,"remoteIdentityKey":"BUMceKW8qKqpPW8qZIcXn7XwUH5WOY2FmFl/dihXYVRb"},"_chains":{"BfTrg8pnGt3XZ7rz7kQeiN6zUtT3/MBvT5B/usICek5X":{"chainKey":{"counter":0,"key":"/dR7+f9SVEXky2xdDuizf/s/2QvNExUAZUkxRy+uUEE="},"chainType":1,"messageKeys":{}}},"pendingPreKey":{"signedKeyId":16643915,"baseKey":"BY/l5FrOPqzBCeyXldx6F3SRJZKtZLRn2dziyYGmVwte"}}},"version":"v1"}