{"noiseKey":{"private":{"type":"Buffer","data":"iHRYtNOy1yUwWXBBmij+ESakTYw3d9PPWiVFg8AHCFc="},"public":{"type":"Buffer","data":"7+jUOsQLeED0bYYOREPd/icFDbf4TSS1v3QR78V+rxY="}},"signedIdentityKey":{"private":{"type":"Buffer","data":"oG8YiV19yRs9zN8BlUr+S/GmPrQm533xd9Ix8XZlvW0="},"public":{"type":"Buffer","data":"bA2QXv2cmzkvImsVECF7xeO57d8OzZCuy1Lk5UzIHm4="}},"signedPreKey":{"keyPair":{"private":{"type":"Buffer","data":"4PcEiayAlXsbYrDlllc+WYFh8zEhtkyzMUEtjdvWElU="},"public":{"type":"Buffer","data":"fgBweQINlml+Jyv+6n5BcbEcy6WffnY/rf+ZQbZKWS4="}},"signature":{"type":"Buffer","data":"jqp8g5q0oxUXLiftXNTGlsv/WxComj41Fod3VIw0Hw3Vu2oVlEHgL4e7zLyrBFPDW4SFdHGPGZekRMXRVp2HBQ=="},"keyId":1},"registrationId":246,"advSecretKey":"VmF7oZ+yDvNrtw1kXFN+dOg+/t0WvoS9f/eBRtXGgDY=","processedHistoryMessages":[{"key":{"remoteJid":"6282373540892@s.whatsapp.net","fromMe":true,"id":"8C13AC4F44F1D6F0A8F828E26836DA41"},"messageTimestamp":1687930132},{"key":{"remoteJid":"6282373540892@s.whatsapp.net","fromMe":true,"id":"2CEFEC1516863E46C32441D9226B6A17"},"messageTimestamp":1687930132},{"key":{"remoteJid":"6282373540892@s.whatsapp.net","fromMe":true,"id":"AD3EC84469B8CFFF0D548973A6620473"},"messageTimestamp":1687930135},{"key":{"remoteJid":"6282373540892@s.whatsapp.net","fromMe":true,"id":"E7F44DC7F904A28ABFE1805EB666B7DE"},"messageTimestamp":1687930135}],"nextPreKeyId":31,"firstUnuploadedPreKeyId":31,"accountSyncCounter":1,"accountSettings":{"unarchiveChats":false},"deviceId":"89ywyRkvR9iZx8Ye5n0mmw","phoneId":"70e8187b-1341-44d7-b5b8-fa9b710619db","identityId":{"type":"Buffer","data":"SrKEHOzWs8xwf3DjttgClJE3lzc="},"registered":false,"backupToken":{"type":"Buffer","data":"PFgNPBMI2lJ7suxEYZFHzaHUSRA="},"registration":{},"account":{"details":"COyZzc0DEJCK76QGGAE=","accountSignatureKey":"b7nGm148h3naC5WApgXgu1ujQijNefSWGUJEmEMgBF0=","accountSignature":"eKQxSjwG3r55N8x6sRxxNpLL2QL6dcz+iwk8NWDpTaQTWaUFefkuSN9LoeaxPI0qkD91i6ltdyMenHurY8ZGDg==","deviceSignature":"WrjkuOUfdFXp2FNzvCVn1PagwoDSjyR19unZvF8O9OqrYkQX4/5WK8DsasFg2z6ENzZ3NQM1QlFcHd0A418DAA=="},"me":{"id":"6282373540892:3@s.whatsapp.net","name":"vi"},"signalIdentities":[{"identifier":{"name":"6282373540892:3@s.whatsapp.net","deviceId":0},"identifierKey":{"type":"Buffer","data":"BW+5xptePId52guVgKYF4Ltbo0IozXn0lhlCRJhDIARd"}}],"platform":"smba","lastAccountSyncTimestamp":1687930131,"myAppStateKeyId":"AAAAAORD"}