{"_sessions":{"BWjLA1OKHS4z6dtqij0B2PowJRzDQTv7SyDzwyPPsidQ":{"registrationId":515517527,"currentRatchet":{"ephemeralKeyPair":{"pubKey":"BTuge7xrX3jUjHvB87sOgGiQ9sAv+rMWqYvYUuVXf99j","privKey":"YLWTSh2Ui6n7NS1Pn1K4pD8PoCNxuxSsy8GX3YdoAlo="},"lastRemoteEphemeralKey":"BQBibG3iesb99AWa77wBqo+OlSDgZIfAjJ1fXV/T4LYR","previousCounter":0,"rootKey":"fQfEckSxg55zKD26WN2LA9dfMDtBCQ5AlSW6nUrFg0g="},"indexInfo":{"baseKey":"BWjLA1OKHS4z6dtqij0B2PowJRzDQTv7SyDzwyPPsidQ","baseKeyType":1,"closed":1687930158683,"used":1687930158571,"created":1687930158571,"remoteIdentityKey":"BadpaGxWQ2/uqJOJIAPetYFgu0dsUrYCQqH48l8cjCdw"},"_chains":{"BTuge7xrX3jUjHvB87sOgGiQ9sAv+rMWqYvYUuVXf99j":{"chainKey":{"counter":0,"key":"5mecx9UrsexI8hTtpb+GIEBt4WNXIllW8U6YZNvDnew="},"chainType":1,"messageKeys":{}}},"pendingPreKey":{"signedKeyId":2,"baseKey":"BWjLA1OKHS4z6dtqij0B2PowJRzDQTv7SyDzwyPPsidQ","preKeyId":4233947}},"Be8qqyEpYTxZuXvIMT705VDGYvvLqMslEmd9DtFRMYhl":{"registrationId":515517527,"currentRatchet":{"ephemeralKeyPair":{"pubKey":"BeAYy+/GmwutCiwbyFWYyBb0SuIPVqiZ0lpQprxkFjUz","privKey":"SDbWGPqNABeLw38KCzmU8LdxwG3zjnH+hMAku1EGQlY="},"lastRemoteEphemeralKey":"BQBibG3iesb99AWa77wBqo+OlSDgZIfAjJ1fXV/T4LYR","previousCounter":0,"rootKey":"vNETiHl8Dl1d1O/RuG1aqPFvZwTtuwT8gOfsd2BR8qs="},"indexInfo":{"baseKey":"Be8qqyEpYTxZuXvIMT705VDGYvvLqMslEmd9DtFRMYhl","baseKeyType":1,"closed":-1,"used":1687930158678,"created":1687930158678,"remoteIdentityKey":"BadpaGxWQ2/uqJOJIAPetYFgu0dsUrYCQqH48l8cjCdw"},"_chains":{"BeAYy+/GmwutCiwbyFWYyBb0SuIPVqiZ0lpQprxkFjUz":{"chainKey":{"counter":0,"key":"8WG6gWBAjl3m4Na3oKPxfrS6rkHDlH4oJzkG6RTJKwU="},"chainType":1,"messageKeys":{}}},"pendingPreKey":{"signedKeyId":2,"baseKey":"Be8qqyEpYTxZuXvIMT705VDGYvvLqMslEmd9DtFRMYhl","preKeyId":4234060}}},"version":"v1"}