{"_sessions":{"BRafXgjitYwQIhza0Ohd/rWA3cncozPbbqlrlgpNnhRb":{"registrationId":1090346436,"currentRatchet":{"ephemeralKeyPair":{"pubKey":"BaBq5olh5HaoF6zSEDsN7k04hPnH+Ewke2a5XHyHFTYE","privKey":"YIhTBi+LpntNp04GD+EGoqxNEzrBGRSlma3YhD7V8HA="},"lastRemoteEphemeralKey":"BT3R/JYzHMdbccKaCytcE4/jiM8Nm0Lg4KL0xEwEuYdO","previousCounter":0,"rootKey":"MeV+z6WLC667aiW7aPbcL/EsLwRtT3jcTP2UdSvC/iU="},"indexInfo":{"baseKey":"BRafXgjitYwQIhza0Ohd/rWA3cncozPbbqlrlgpNnhRb","baseKeyType":2,"closed":-1,"used":1687930158016,"created":1687930158016,"remoteIdentityKey":"BSFFMsnI5n92WQIfIzOxrUyeJ0krshHtiUzmnSQn4R8a"},"_chains":{"BT3R/JYzHMdbccKaCytcE4/jiM8Nm0Lg4KL0xEwEuYdO":{"chainKey":{"counter":0,"key":"BjOV9CY5bu/pNlFVUnsvJGktiV9607fXiHsHi7e0O4s="},"chainType":2,"messageKeys":{}},"BaBq5olh5HaoF6zSEDsN7k04hPnH+Ewke2a5XHyHFTYE":{"chainKey":{"counter":1,"key":"KD+mOZfMsMVBdUK9i8h0EjpEowgKy+QsR1Zecau2xFc="},"chainType":1,"messageKeys":{}}}}},"version":"v1"}